id;hospital_id;type;name;address;pincode;phone;zone;status;created_on;updated_on;updated_by_msg_id;audited_on
1;Industrial;US Dollar Auto Loan Account Home Loan Account;Avon;B2B Pakistan Developer;6542;(936) 723-7947 x8824;Principal Liaison connecting;Generic Concrete Tuna bus frictionless;2021-05-12T21:36:01;2021-05-13T04:01:28;Identity magnetic;2021-05-12T18:21:40
2;Tasty Borders;scalable;Chips;Engineer Data;63713;830-040-0454;optimal digital Optimized;Borders open system Regional;2021-05-13T04:38:29;2021-05-12T19:30:55;Electronics Home;2021-05-13T03:58:30
3;Borders navigate Central;fuchsia global;Fantastic Slovakia (Slovak Republic) real-time;Pataca incentivize;19275;(684) 667-2899 x63215;Chief deposit;lavender Savings Account Rubber;2021-05-12T13:37:18;2021-05-13T03:50:45;Representative;2021-05-12T07:53:23
4;enterprise;Mobility;bandwidth-monitored Liaison Generic Cotton Tuna;multimedia withdrawal;71874;979.575.8758;port Car mesh;International Coordinator;2021-05-12T12:04:39;2021-05-12T08:59:02;Electronics Legacy;2021-05-12T07:14:37
5;XSS Program Credit Card Account;Gorgeous;Reduced connecting Intelligent;Up-sized Books parsing;99375;218.771.8141 x28347;budgetary management Compatible Web;synthesizing Table;2021-05-12T12:39:48;2021-05-12T17:57:01;solution override;2021-05-13T04:36:24
6;auxiliary invoice payment;Small Soft Coordinator;Checking Account;initiatives;64785;282.541.7020;Assistant programming Handcrafted Concrete Mouse;Mountains Incredible Metal Ball;2021-05-12T17:32:49;2021-05-12T10:46:53;project payment;2021-05-13T02:35:53
7;Bahraini Dinar compress Supervisor;Rubber New York;Cross-group Luxembourg SQL;compress Concrete FTP;2349;790-237-8132;payment;functionalities fuchsia;2021-05-12T13:09:31;2021-05-12T19:32:28;Fantastic Rubber Fish;2021-05-12T23:20:47
8;Inverse;user-centric;Station;Home Loan Account JBOD;15863;128-873-5786;cohesive Developer;Directives;2021-05-12T14:41:17;2021-05-12T07:58:49;enable firewall Kentucky;2021-05-13T00:04:38
9;Senior;Frozen;Beauty plum;engineer Assurance Sleek Cotton Pizza;63219;572.180.3561;Paradigm Assistant synergistic;Group;2021-05-12T16:29:30;2021-05-12T11:36:46;Avon Unbranded Avon;2021-05-12T17:16:58
10;Investor Persistent Buckinghamshire;1080p deliverables;projection;Coordinator Organic Checking Account;76237;530-092-3860 x0427;Savings Account;bypassing PCI;2021-05-12T15:05:22;2021-05-13T04:21:14;Surinam Dollar;2021-05-12T15:56:45
