id;hospital_id;type;name;address;pincode;phone;zone;status;created_on;updated_on;updated_by_msg_id
1;Checking Account;Albania Checking Account portals;web-readiness ability e-markets;Home Loan Account orchid Communications;63567;002.025.2546 x546;Movies hack Ghana;input calculating Squares;2021-05-15T06:29:05;2021-05-15T22:19:14;even-keeled
2;function backing up Human;Iowa Generic;Program Fresh;Chips Montana Texas;36644;(709) 290-2206 x8666;Directives;program;2021-05-15T18:00:33;2021-05-16T03:08:33;Rustic
3;Credit Card Account Concrete;bluetooth architect payment;FTP Administrator Soft;lime;17699;(449) 017-0111;Dynamic bi-directional Pennsylvania;Automated multi-byte;2021-05-15T19:53:07;2021-05-15T18:07:07;Mouse 24/7
4;incremental 1080p;schemas connecting SAS;generating Rustic Delaware;Dynamic orange hack;98612;(104) 901-1783 x734;ADP Dalasi;parse Auto Loan Account;2021-05-15T18:33:36;2021-05-15T09:02:10;Chief open-source Brooks
5;Latvian Lats Personal Loan Account Unbranded Steel Bacon;overriding Small Plastic Tuna;redundant Berkshire protocol;Luxembourg Directives;60761;(665) 895-1143 x6318;Producer;input indigo;2021-05-15T07:27:32;2021-05-15T11:16:29;system
6;Credit Card Account PNG deliver;Timor-Leste;Future-proofed Sleek Granite Gloves Home Loan Account;Bedfordshire Bedfordshire;49096;(085) 034-8438 x6066;optical AGP Knoll;Chips Home Loan Account;2021-05-15T05:54:58;2021-05-15T12:38:29;customized Monaco Future
7;cross-platform International Car;local Paradigm;Granite Checking Account Persevering;Small;67295;720.553.1473;Front-line;Illinois customer loyalty Fantastic;2021-05-15T12:02:35;2021-05-15T20:57:01;synergies
8;Ecuador Awesome Concrete Towels Knoll;Soap;tangible Grocery digital;Bangladesh;56483;675.171.2878 x467;Concrete orchestration;Table Internal;2021-05-15T13:12:55;2021-05-16T02:50:12;multi-byte
9;synthesizing Trafficway empower;24/7 Metal;Public-key Officer;SCSI Malagasy Ariary;38526;488-574-1445;withdrawal;withdrawal Credit Card Account;2021-05-16T03:13:17;2021-05-15T20:57:19;Solutions
10;Grocery Moldovan Leu Union;Stravenue;Developer Gardens dot-com;pixel Practical;81824;893.900.0561;Soap Investment Account;compressing interfaces channels;2021-05-15T17:53:39;2021-05-15T15:53:49;strategize lime deposit
