id;patient_id;phone;srf_number;bucode;category;zone;queue_type;queue_name;time_added_to_queue;created_on;updated_on;updated_by_msg_id
1;Steel Graphical User Interface;1-696-945-5934;Sleek Seychelles Rupee;Central African Republic Texas;Pre-emptive;Iraq;Investment Account;Response purple Handmade;2021-05-12T11:51:01;2021-05-12T15:26:27;2021-05-12T22:48:11;Timor-Leste access Texas
2;systems Borders panel;(655) 372-5254;Berkshire compress even-keeled;Unbranded Pants;Rial Omani withdrawal;Home;wireless;Coordinator;2021-05-12T10:31:11;2021-05-12T09:10:38;2021-05-13T02:15:21;transparent
3;back-end;610.514.4087 x71503;Cambridgeshire optimizing yellow;Intelligent Granite Shoes;Future;navigating Synchronised Fantastic Fresh Table;end-to-end Cambridgeshire;Lari;2021-05-12T19:07:38;2021-05-12T21:15:54;2021-05-12T14:53:30;Cotton Implemented
4;Garden Open-architected;483-821-7270 x0270;throughput;firmware;Vatu;expedite Human;ubiquitous e-tailers;Borders;2021-05-13T05:29:50;2021-05-12T21:08:22;2021-05-13T03:10:55;Usability Salad
5;programming Israel;1-899-872-2306 x4343;Branch Baby Intelligent Cotton Mouse;implementation front-end Exclusive;cross-media;primary Fantastic Granite Ball;Ergonomic;Iceland Krona;2021-05-12T21:56:26;2021-05-12T13:45:32;2021-05-12T15:51:12;deposit gold
6;Fully-configurable cultivate;1-900-703-0641;content-based auxiliary Divide;Kentucky;Car Multi-channelled Senegal;grow Savings Account;Money Market Account;Turkish Lira Turks and Caicos Islands Sleek Concrete Tuna;2021-05-13T04:11:54;2021-05-13T01:11:58;2021-05-12T10:49:36;Function-based
7;open-source Ohio Handcrafted Fresh Hat;053.890.8264;Consultant Investment Account;back-end;HTTP bandwidth-monitored;channels Czech Koruna Handmade Plastic Pizza;Licensed Wooden Cheese;systemic;2021-05-12T20:53:09;2021-05-12T22:36:37;2021-05-13T04:15:36;Avon
8;New York Surinam Dollar;1-219-222-0375;cross-platform Licensed Concrete Ball;Shoes definition;website;channels Awesome Plastic Shoes Face to face;Awesome Metal Mouse Bedfordshire;hardware;2021-05-12T06:45:32;2021-05-12T11:01:05;2021-05-12T16:45:47;Ohio Wyoming intermediate
9;Sweden;(174) 966-5972 x4860;Steel synergize;TCP Landing;Savings Account;purple Rupiah;indigo;Buckinghamshire;2021-05-12T14:38:36;2021-05-13T02:43:35;2021-05-12T14:06:24;Berkshire
10;Metal;1-702-904-7539;Refined Concrete Cheese Frozen;e-business;Investment Account Alabama;JBOD Adaptive Vista;Handmade;interface National Knoll;2021-05-12T16:59:39;2021-05-12T20:18:48;2021-05-13T06:03:17;back-end transmit
